Site_Name,Line_No,Electrode Number,X Distance (m),Y Distance (m),UTM_N_Y,UTM_E_X,Elevation (m)
Kyles Landing,1,1,0,0,474629.8989,3990097.558,249.003
Kyles Landing,1,2,2,0,474631.4769,3990098.796,249.293
Kyles Landing,1,3,4,0,474633.0064,3990100.062,249.401
Kyles Landing,1,4,6,0,474634.5359,3990101.327,249.475
Kyles Landing,1,5,8,0,474636.0199,3990102.602,249.817
Kyles Landing,1,6,10,0,474637.5452,3990103.846,249.971
Kyles Landing,1,7,12,0,474639.1378,3990105.032,250.098
Kyles Landing,1,8,14,0,474640.6085,3990106.396,250.009
Kyles Landing,1,9,16,0,474642.1546,3990107.663,250.315
Kyles Landing,1,10,18,0,474643.6787,3990108.897,250.416
Kyles Landing,1,11,20,0,474645.1886,3990110.196,250.332
Kyles Landing,1,12,22,0,474646.8032,3990111.452,250.489
Kyles Landing,1,13,24,0,474648.316,3990112.758,250.54
Kyles Landing,1,14,26,0,474649.8515,3990113.999,250.548
Kyles Landing,1,15,28,0,474651.51,3990115.221,250.668
Kyles Landing,1,16,30,0,474653.0388,3990116.508,250.644
Kyles Landing,1,17,32,0,474654.5677,3990117.795,250.91
Kyles Landing,1,18,34,0,474656.0965,3990119.082,250.932
Kyles Landing,1,19,36,0,474657.6866,3990120.363,250.817
Kyles Landing,1,20,38,0,474659.2,3990121.581,250.75
Kyles Landing,1,21,40,0,474660.8147,3990122.898,250.798
Kyles Landing,1,22,42,0,474662.3491,3990124.128,250.816
Kyles Landing,1,23,44,0,474663.8974,3990125.384,250.725
Kyles Landing,1,24,46,0,474665.4617,3990126.665,250.537
Kyles Landing,1,25,48,0,474666.9944,3990127.907,250.469
Kyles Landing,1,26,50,0,474668.5229,3990129.241,250.64
Kyles Landing,1,27,52,0,474670.1294,3990130.481,250.764
Kyles Landing,1,28,54,0,474671.5527,3990131.71,250.624
Kyles Landing,1,29,56,0,474673.1422,3990133.034,250.636
Kyles Landing,1,30,58,0,474674.6976,3990134.238,250
Kyles Landing,1,31,60,0,474676.2012,3990135.456,250.55
Kyles Landing,1,32,62,0,474677.8041,3990136.756,250.4
Kyles Landing,1,33,64,0,474679.377,3990138.071,250.365
Kyles Landing,1,34,66,0,474680.9385,3990139.396,250.133
Kyles Landing,1,35,68,0,474682.5071,3990140.604,250
Kyles Landing,1,36,70,0,474683.9966,3990141.949,249.884
Kyles Landing,1,37,72,0,474685.4866,3990143.24,249.956
Kyles Landing,1,38,74,0,474687.0624,3990144.487,249.8
Kyles Landing,1,39,76,0,474688.5289,3990145.781,249.874
Kyles Landing,1,40,78,0,474690.0285,3990146.968,249.771
Kyles Landing,1,41,80,0,474691.4227,3990148.079,249.97
Kyles Landing,1,42,82,0,474693.2414,3990149.356,249.753
Kyles Landing,1,43,84,0,474694.7441,3990150.243,249.165
Kyles Landing,1,44,86,0,474696.2469,3990151.131,248.813
Kyles Landing,1,45,88,0,474697.7496,3990152.018,248.886
Kyles Landing,1,46,90,0,474699.2719,3990153.304,248.907
Kyles Landing,1,47,92,0,474700.8548,3990154.608,248.923
Kyles Landing,1,48,94,0,474702.4133,3990155.942,248.993
Kyles Landing,1,49,96,0,474704.02,3990157.594,249.496
Kyles Landing,1,50,98,0,474705.6267,3990159.246,249.569
Kyles Landing,1,51,100,0,474707.2334,3990160.898,249.594
Kyles Landing,1,52,102,0,474708.7878,3990162.237,249.683
Kyles Landing,1,53,104,0,474710.3864,3990163.508,249.573
Kyles Landing,1,54,106,0,474711.9775,3990164.696,249.757
Kyles Landing,1,55,108,0,474713.4983,3990165.897,249.762
Kyles Landing,1,56,110,0,474715.0736,3990167.506,249.725
Kyles Landing,1,57,112,0,474716.6224,3990168.424,249.702
Kyles Landing,1,58,114,0,474718.139,3990169.754,249.745
Kyles Landing,1,59,116,0,474719.696,3990171.011,249.739
Kyles Landing,1,60,118,0,474721.296,3990172.235,249.726
Kyles Landing,1,61,120,0,474722.7941,3990173.479,249.752
Kyles Landing,1,62,122,0,474724.3796,3990174.733,249.703
Kyles Landing,1,63,124,0,474725.9391,3990175.979,249.733
Kyles Landing,1,64,126,0,474727.493,3990177.267,249.656
Kyles Landing,1,65,128,0,474729.0085,3990178.463,249.779
Kyles Landing,1,66,130,0,474730.6436,3990179.75,249.613
Kyles Landing,1,67,132,0,474732.1628,3990181.005,249.599
Kyles Landing,1,68,134,0,474733.6873,3990182.261,249.555
Kyles Landing,1,69,136,0,474735.2146,3990183.453,249.386
Kyles Landing,1,70,138,0,474736.8334,3990184.713,249.34
Kyles Landing,1,71,140,0,474738.3605,3990185.929,249.25
Kyles Landing,1,72,142,0,474739.9442,3990187.18,249.147
Kyles Landing,1,73,144,0,474741.5221,3990188.387,249.12
Kyles Landing,1,74,146,0,474743.0675,3990189.6,249.008
Kyles Landing,1,75,148,0,474744.6333,3990190.863,249
Kyles Landing,1,76,150,0,474746.1992,3990192.127,248.967
Kyles Landing,1,77,152,0,474747.765,3990193.39,248.919
Kyles Landing,1,78,154,0,474749.3218,3990194.646,248.923
Kyles Landing,1,79,156,0,474750.904,3990195.905,248.761
Kyles Landing,1,80,158,0,474752.4022,3990197.172,248.867
Kyles Landing,1,81,160,0,474753.9809,3990198.393,248.833
Kyles Landing,1,82,162,0,474755.5382,3990199.597,248.607
Kyles Landing,1,83,164,0,474757.1251,3990200.786,248.647
Kyles Landing,1,84,166,0,474758.712,3990201.975,248.213
Kyles Landing,1,85,168,0,474760.2989,3990203.164,248.133
Kyles Landing,1,86,170,0,474761.9245,3990204.352,248.162
Kyles Landing,1,87,172,0,474763.4919,3990205.581,248.208
Kyles Landing,1,88,174,0,474765.085,3990206.797,248.154
Kyles Landing,1,89,176,0,474766.678,3990208.012,248.227
Kyles Landing,1,90,178,0,474768.2711,3990209.228,248.188
Kyles Landing,1,91,180,0,474769.8809,3990210.391,248.165
Kyles Landing,1,92,182,0,474771.4906,3990211.555,248.176
Kyles Landing,1,93,184,0,474773.1004,3990212.718,248.214
Kyles Landing,1,94,186,0,474774.6958,3990213.952,248.187
Kyles Landing,1,95,188,0,474776.2247,3990215.194,248.15
Kyles Landing,1,96,190,0,474777.9781,3990216.354,248.49
Kyles Landing,2,1,0,0,474693.0492,3990196.752,248.257
Kyles Landing,2,2,1.5,0,474693.984,3990195.754,248.056
Kyles Landing,2,3,3,0,474694.8213,3990194.518,248.003
Kyles Landing,2,4,4.5,0,474695.5345,3990193.27,247.999
Kyles Landing,2,5,6,0,474696.4748,3990192.095,247.991
Kyles Landing,2,6,7.5,0,474697.1513,3990190.98,247.92
Kyles Landing,2,7,9,0,474698.0562,3990189.775,247.912
Kyles Landing,2,8,10.5,0,474698.9639,3990188.576,247.921
Kyles Landing,2,9,12,0,474699.7436,3990187.307,247.932
Kyles Landing,2,10,13.5,0,474700.6605,3990186.108,248.008
Kyles Landing,2,11,15,0,474701.4696,3990184.979,248.344
Kyles Landing,2,12,16.5,0,474702.356,3990183.761,248.524
Kyles Landing,2,13,18,0,474703.274,3990182.563,248.705
Kyles Landing,2,14,19.5,0,474704.1316,3990181.364,248.805
Kyles Landing,2,15,21,0,474705.2695,3990180.079,248.96
Kyles Landing,2,16,22.5,0,474706.0987,3990178.825,249.095
Kyles Landing,2,17,24,0,474706.9288,3990177.761,249.245
Kyles Landing,2,18,25.5,0,474707.7962,3990176.486,249.271
Kyles Landing,2,19,27,0,474708.6738,3990175.258,249.465
Kyles Landing,2,20,28.5,0,474709.4523,3990174.007,249.502
Kyles Landing,2,21,30,0,474710.2589,3990172.816,249.702
Kyles Landing,2,22,31.5,0,474711.2262,3990171.473,249.708
Kyles Landing,2,23,33,0,474712.0153,3990170.35,249.833
Kyles Landing,2,24,34.5,0,474712.9928,3990169.058,249.958
Kyles Landing,2,25,36,0,474713.8477,3990167.839,250.049
Kyles Landing,2,26,37.5,0,474714.7183,3990166.555,250.134
Kyles Landing,2,27,39,0,474715.5588,3990165.298,250.088
Kyles Landing,2,28,40.5,0,474716.5346,3990164.284,250.324
Kyles Landing,2,29,42,0,474717.2997,3990162.921,250.253
Kyles Landing,2,30,43.5,0,474718.1788,3990161.695,250.316
Kyles Landing,2,31,45,0,474718.9966,3990160.436,250.387
Kyles Landing,2,32,46.5,0,474719.8023,3990159.205,250.581
Kyles Landing,2,33,48,0,474720.6347,3990158.07,250.576
Kyles Landing,2,34,49.5,0,474721.4732,3990156.726,250.66
Kyles Landing,2,35,51,0,474722.3546,3990155.511,250.681
Kyles Landing,2,36,52.5,0,474723.3115,3990154.303,250.849
Kyles Landing,2,37,54,0,474724.1523,3990153.219,250.873
Kyles Landing,2,38,55.5,0,474725.0872,3990152.01,250.991
Kyles Landing,2,39,57,0,474725.8934,3990150.663,250.984
Kyles Landing,2,40,58.5,0,474726.7191,3990149.473,251.079
Kyles Landing,2,41,60,0,474727.4882,3990148.272,251.012
Kyles Landing,2,42,61.5,0,474728.3537,3990147.106,251.001
Kyles Landing,2,43,63,0,474729.2591,3990145.818,251.146
Kyles Landing,2,44,64.5,0,474730.1407,3990144.572,251.236
Kyles Landing,2,45,66,0,474730.9748,3990143.435,251.277
Kyles Landing,2,46,67.5,0,474731.827,3990142.161,251.414
Kyles Landing,2,47,69,0,474732.7025,3990140.916,251.485
Kyles Landing,2,48,70.5,0,474733.68,3990139.789,251.5
Kyles Landing,3,1,0,0,474672.5679,3990186.069,247.824
Kyles Landing,3,2,1.5,0,474673.4351,3990184.961,248.018
Kyles Landing,3,3,3,0,474674.3084,3990183.908,247.899
Kyles Landing,3,4,4.5,0,474675.2223,3990182.779,247.595
Kyles Landing,3,5,6,0,474676.1815,3990181.402,247.973
Kyles Landing,3,6,7.5,0,474677.3498,3990180.085,247.971
Kyles Landing,3,7,9,0,474678.247,3990178.98,248.003
Kyles Landing,3,8,10.5,0,474679.1589,3990177.772,248.102
Kyles Landing,3,9,12,0,474680.088,3990176.595,248.067
Kyles Landing,3,10,13.5,0,474681.0215,3990175.409,248.057
Kyles Landing,3,11,15,0,474681.8747,3990174.24,247.968
Kyles Landing,3,12,16.5,0,474682.7608,3990173.078,247.979
Kyles Landing,3,13,18,0,474683.661,3990171.902,248.202
Kyles Landing,3,14,19.5,0,474684.35,3990170.691,248.415
Kyles Landing,3,15,21,0,474685.5455,3990169.687,248.519
Kyles Landing,3,16,22.5,0,474686.5274,3990168.634,248.583
Kyles Landing,3,17,24,0,474687.4681,3990167.416,248.681
Kyles Landing,3,18,25.5,0,474688.4067,3990166.265,248.779
Kyles Landing,3,19,27,0,474689.3583,3990165.198,248.747
Kyles Landing,3,20,28.5,0,474690.2758,3990163.998,248.8
Kyles Landing,3,21,30,0,474691.1932,3990162.797,248.82
Kyles Landing,3,22,31.5,0,474692.1048,3990161.746,249.037
Kyles Landing,3,23,33,0,474693.0613,3990160.621,249.036
Kyles Landing,3,24,34.5,0,474693.9343,3990159.373,249.178
Kyles Landing,3,25,36,0,474694.8187,3990158.331,249.281
Kyles Landing,3,26,37.5,0,474695.7634,3990157.051,249.37
Kyles Landing,3,27,39,0,474696.752,3990155.873,249.534
Kyles Landing,3,28,40.5,0,474697.6345,3990154.708,249.67
Kyles Landing,3,29,42,0,474698.7279,3990153.686,249.658
Kyles Landing,3,30,43.5,0,474699.5923,3990152.472,249.935
Kyles Landing,3,31,45,0,474700.512,3990151.27,250.054
Kyles Landing,3,32,46.5,0,474701.4524,3990150.214,250.154
Kyles Landing,3,33,48,0,474702.4595,3990148.966,250.184
Kyles Landing,3,34,49.5,0,474703.3465,3990147.806,250.404
Kyles Landing,3,35,51,0,474704.289,3990146.693,250.228
Kyles Landing,3,36,52.5,0,474705.207,3990145.23,250.48
Kyles Landing,3,37,54,0,474706.3061,3990143.874,250.469
Kyles Landing,3,38,55.5,0,474707.1756,3990142.622,250.451
Kyles Landing,3,39,57,0,474708.0272,3990141.487,250.541
Kyles Landing,3,40,58.5,0,474708.981,3990140.378,250.734
Kyles Landing,3,41,60,0,474710.1478,3990139.155,251.264
Kyles Landing,3,42,61.5,0,474711.0504,3990138.192,251.217
Kyles Landing,3,43,63,0,474711.847,3990137.049,251.162
Kyles Landing,3,44,64.5,0,474712.6435,3990135.906,251.32
Kyles Landing,3,45,66,0,474713.5139,3990134.776,251.446
Kyles Landing,3,46,67.5,0,474714.4396,3990133.677,251.405
Kyles Landing,3,47,69,0,474715.2859,3990132.609,251.373
Kyles Landing,3,48,70.5,0,474716.1012,3990131.198,251.359
Kyles Landing,4,1,0,0,474659.8139,3990172.21,249.689
Kyles Landing,4,2,1.5,0,474660.3156,3990170.61,249.16
Kyles Landing,4,3,3,0,474661.3539,3990169.419,249.473
Kyles Landing,4,4,4.5,0,474662.0544,3990168.004,249.362
Kyles Landing,4,5,6,0,474662.8281,3990167.016,249.451
Kyles Landing,4,6,7.5,0,474663.7545,3990165.616,249.548
Kyles Landing,4,7,9,0,474664.6705,3990164.629,249.788
Kyles Landing,4,8,10.5,0,474665.5081,3990163.335,249.715
Kyles Landing,4,9,12,0,474666.5558,3990162.013,249.75
Kyles Landing,4,10,13.5,0,474667.5323,3990160.907,249.58
Kyles Landing,4,11,15,0,474668.433,3990159.783,249.432
Kyles Landing,4,12,16.5,0,474669.3209,3990158.471,249.493
Kyles Landing,4,13,18,0,474670.1575,3990157.538,249.857
Kyles Landing,4,14,19.5,0,474671.1946,3990156.346,249.831
Kyles Landing,4,15,21,0,474671.9848,3990155.178,249.812
Kyles Landing,4,16,22.5,0,474672.6493,3990153.99,249.859
Kyles Landing,4,17,24,0,474673.7706,3990152.829,249.869
Kyles Landing,4,18,25.5,0,474674.7728,3990151.639,250.042
Kyles Landing,4,19,27,0,474675.7149,3990150.555,250.198
Kyles Landing,4,20,28.5,0,474676.553,3990149.325,250.132
Kyles Landing,4,21,30,0,474677.3957,3990148.172,250.144
Kyles Landing,4,22,31.5,0,474678.3494,3990147.029,250.027
Kyles Landing,4,23,33,0,474679.4035,3990145.927,250.107
Kyles Landing,4,24,34.5,0,474680.1513,3990144.655,249.945
Kyles Landing,4,25,36,0,474680.9607,3990143.519,250.271
Kyles Landing,4,26,37.5,0,474682.1299,3990142.539,249.895
Kyles Landing,4,27,39,0,474683.2093,3990141.446,249.811
Kyles Landing,4,28,40.5,0,474683.9564,3990140.148,249.812
Kyles Landing,4,29,42,0,474684.7578,3990138.877,249.978
Kyles Landing,4,30,43.5,0,474685.6292,3990137.59,250.165
Kyles Landing,4,31,45,0,474686.4857,3990136.43,250.194
Kyles Landing,4,32,46.5,0,474687.4204,3990135.218,250.165
Kyles Landing,4,33,48,0,474688.2694,3990134.064,250.107
Kyles Landing,4,34,49.5,0,474689.1884,3990132.938,250.198
Kyles Landing,4,35,51,0,474690.1895,3990131.608,250.43
Kyles Landing,4,36,52.5,0,474691.0469,3990130.495,250.583
Kyles Landing,4,37,54,0,474691.8674,3990129.055,250.474
Kyles Landing,4,38,55.5,0,474692.6819,3990128.326,250.484
Kyles Landing,4,39,57,0,474693.4963,3990127.596,250.26
Kyles Landing,4,40,58.5,0,474694.2814,3990126.188,250.179
Kyles Landing,4,41,60,0,474695.1793,3990124.896,250.125
Kyles Landing,4,42,61.5,0,474696.054,3990123.723,250.236
Kyles Landing,4,43,63,0,474696.991,3990122.696,250.199
Kyles Landing,4,44,64.5,0,474697.7187,3990121.55,250.303
Kyles Landing,4,45,66,0,474698.8133,3990120.426,250.481
Kyles Landing,4,46,67.5,0,474699.3696,3990118.91,250.452
Kyles Landing,4,47,69,0,474700.2344,3990117.668,250.473
Kyles Landing,4,48,70.5,0,474701.1212,3990116.418,250.53
Kyles Landing,5,1,0,0,474655.8834,3990117.63,249.998
Kyles Landing,5,2,2,0,474657.696,3990118.436,249.003
Kyles Landing,5,3,4,0,474659.4679,3990119.313,248.873
Kyles Landing,5,4,6,0,474660.7042,3990120.247,250.714
Kyles Landing,5,5,8,0,474662.442,3990121.113,250.163
Kyles Landing,5,6,10,0,474664.244,3990122.056,250.113
Kyles Landing,5,7,12,0,474666.0894,3990122.922,250.068
Kyles Landing,5,8,14,0,474667.8434,3990123.792,250.32
Kyles Landing,5,9,16,0,474669.6931,3990124.511,250.281
Kyles Landing,5,10,18,0,474671.4996,3990125.271,250.399
Kyles Landing,5,11,20,0,474673.4043,3990126.143,250.065
Kyles Landing,5,12,22,0,474675.2955,3990126.885,250.028
Kyles Landing,5,13,24,0,474677.1366,3990127.671,250.204
Kyles Landing,5,14,26,0,474678.9733,3990128.46,250.337
Kyles Landing,5,15,28,0,474680.825,3990129.3,250.379
Kyles Landing,5,16,30,0,474682.7197,3990130.19,250.239
Kyles Landing,5,17,32,0,474684.5396,3990131.001,250.219
Kyles Landing,5,18,34,0,474686.3295,3990131.974,249.972
Kyles Landing,5,19,36,0,474688.1873,3990132.831,249.918
Kyles Landing,5,20,38,0,474689.9746,3990133.598,249.93
Kyles Landing,5,21,40,0,474691.8208,3990134.323,250.088
Kyles Landing,5,22,42,0,474693.646,3990135.224,250.117
Kyles Landing,5,23,44,0,474695.5039,3990135.937,250.151
Kyles Landing,5,24,46,0,474697.2658,3990136.695,250.115
Kyles Landing,5,25,48,0,474699.0379,3990137.642,250.111
Kyles Landing,5,26,50,0,474700.838,3990138.467,250.105
Kyles Landing,5,27,52,0,474702.637,3990139.307,250.103
Kyles Landing,5,28,54,0,474704.4617,3990140.117,250.096
Kyles Landing,5,29,56,0,474706.2991,3990140.94,250.152
Kyles Landing,5,30,58,0,474708.1247,3990141.711,250.309
Kyles Landing,5,31,60,0,474709.9498,3990142.588,250.383
Kyles Landing,5,32,62,0,474711.7388,3990143.423,250.413
Kyles Landing,5,33,64,0,474713.5292,3990144.44,250.311
Kyles Landing,5,34,66,0,474715.3267,3990145.27,250.368
Kyles Landing,5,35,68,0,474717.0927,3990146.121,250.473
Kyles Landing,5,36,70,0,474718.9035,3990146.893,250.548
Kyles Landing,5,37,72,0,474720.705,3990147.735,250.506
Kyles Landing,5,38,74,0,474722.5629,3990148.65,250.579
Kyles Landing,5,39,76,0,474724.4621,3990149.518,250.85
Kyles Landing,5,40,78,0,474726.3731,3990150.351,250.199
Kyles Landing,5,41,80,0,474728.1305,3990151.359,251.378
Kyles Landing,5,42,82,0,474729.0723,3990151.554,251.224
Kyles Landing,5,43,84,0,474731.2337,3990152.993,250.2
Kyles Landing,5,44,86,0,474733.0659,3990153.845,250.224
Kyles Landing,5,45,88,0,474734.8981,3990154.697,250.131
Kyles Landing,5,46,90,0,474736.6887,3990155.504,250.51
Kyles Landing,5,47,92,0,474738.2386,3990156.646,250.391
Kyles Landing,5,48,94,0,474740.1625,3990157.435,250.064
Kyles Landing,Old System,-,-,-,474718.5558,3990155.473,250.418
Kyles Landing,Old System,-,-,-,474722.9816,3990153.285,250.692
Kyles Landing,Old System,-,-,-,474696.5104,3990135.779,250.27
Kyles Landing,Old System,-,-,-,474684.1791,3990130.021,250.418
Kyles Landing,Old System,-,-,-,474680.1869,3990132.983,250.184
Kyles Landing,Old System,-,-,-,474663.1116,3990134.606,250.138
Kyles Landing,Old System,-,-,-,474661.4901,3990141.355,249.592
Kyles Landing,Old System,-,-,-,474661.7496,3990144.516,249.485
Kyles Landing,West Trench,-,-,-,474675.7099,3990138.011,250.115
Kyles Landing,West Trench,-,-,-,474675.8792,3990137.379,250.14
Kyles Landing,West Trench,-,-,-,474678.7912,3990137.428,249.901
Kyles Landing,West Trench,-,-,-,474678.6357,3990138.191,249.932
Kyles Landing,East Trench,-,-,-,474697.0837,3990145.295,249.882
Kyles Landing,East Trench,-,-,-,474697.3262,3990144.773,249.981
Kyles Landing,East Trench,-,-,-,474699.8517,3990146.34,249.739
Kyles Landing,East Trench,-,-,-,474699.5063,3990146.814,249.73
Ozark,6,1,0,0,485529.6649,3991061.82,220.135
Ozark,6,2,1.5,0,485531.0457,3991061.954,220.572
Ozark,6,3,3,0,485532.5157,3991062.159,220.579
Ozark,6,4,4.5,0,485534.0639,3991062.217,220.522
Ozark,6,5,6,0,485535.6589,3991062.294,220.312
Ozark,6,6,7.5,0,485537.5423,3991061.986,221.333
Ozark,6,7,9,0,485538.9627,3991062.095,221.103
Ozark,6,8,10.5,0,485540.4376,3991062.001,220.854
Ozark,6,9,12,0,485541.9372,3991062.085,220.734
Ozark,6,10,13.5,0,485543.4214,3991062.171,220.738
Ozark,6,11,15,0,485544.8985,3991062.266,220.776
Ozark,6,12,16.5,0,485546.3818,3991062.372,220.685
Ozark,6,13,18,0,485547.7689,3991062.468,220.601
Ozark,6,14,19.5,0,485549.1704,3991062.633,220.611
Ozark,6,15,21,0,485550.6843,3991062.707,220.671
Ozark,6,16,22.5,0,485552.12,3991062.807,220.696
Ozark,6,17,24,0,485553.6141,3991062.9,220.627
Ozark,6,18,25.5,0,485555.1786,3991063.054,220.555
Ozark,6,19,27,0,485556.6961,3991063.085,220.63
Ozark,6,20,28.5,0,485558.2091,3991063.137,220.59
Ozark,6,21,30,0,485559.6909,3991063.36,220.648
Ozark,6,22,31.5,0,485561.1986,3991063.434,220.603
Ozark,6,23,33,0,485562.7252,3991063.554,220.535
Ozark,6,24,34.5,0,485564.2481,3991063.613,220.6
Ozark,6,25,36,0,485565.6766,3991063.769,220.67
Ozark,6,26,37.5,0,485567.1969,3991063.826,220.588
Ozark,6,27,39,0,485568.7659,3991063.974,220.629
Ozark,6,28,40.5,0,485570.1591,3991064.044,220.775
Ozark,6,29,42,0,485571.6858,3991064.19,220.729
Ozark,6,30,43.5,0,485573.1556,3991064.272,220.701
Ozark,6,31,45,0,485574.6697,3991064.39,220.705
Ozark,6,32,46.5,0,485576.1099,3991064.53,220.774
Ozark,6,33,48,0,485577.5859,3991064.566,220.793
Ozark,6,34,49.5,0,485579.0856,3991064.689,220.766
Ozark,6,35,51,0,485580.6085,3991064.786,220.778
Ozark,6,36,52.5,0,485582.1784,3991064.895,220.671
Ozark,6,37,54,0,485583.6869,3991064.963,220.672
Ozark,6,38,55.5,0,485585.1658,3991065.062,220.664
Ozark,6,39,57,0,485586.6789,3991065.195,220.627
Ozark,6,40,58.5,0,485588.1388,3991065.268,220.559
Ozark,6,41,60,0,485589.6528,3991065.376,220.54
Ozark,6,42,61.5,0,485591.1587,3991065.437,220.553
Ozark,6,43,63,0,485592.6781,3991065.552,220.513
Ozark,6,44,64.5,0,485594.0695,3991065.579,220.533
Ozark,6,45,66,0,485595.5962,3991065.746,220.496
Ozark,6,46,67.5,0,485597.0632,3991065.783,220.567
Ozark,6,47,69,0,485598.5619,3991065.889,220.463
Ozark,6,48,70.5,0,485600.0021,3991066.031,220.481
Ozark,6,49,72,0,485601.6931,3991066.112,220.337
Ozark,6,50,73.5,0,485603.384,3991066.192,220.314
Ozark,6,51,75,0,485604.8421,3991066.254,220.322
Ozark,6,52,76.5,0,485606.3398,3991066.334,220.38
Ozark,6,53,78,0,485607.807,3991066.481,220.357
Ozark,6,54,79.5,0,485609.2787,3991066.548,220.34
Ozark,6,55,81,0,485610.816,3991066.605,220.394
Ozark,6,56,82.5,0,485612.3002,3991066.693,220.363
Ozark,6,57,84,0,485613.7917,3991066.794,220.413
Ozark,6,58,85.5,0,485615.2832,3991066.896,220.404
Ozark,6,59,87,0,485616.7927,3991066.995,220.29
Ozark,6,60,88.5,0,485618.2625,3991067.067,220.287
Ozark,6,61,90,0,485619.7414,3991067.209,220.333
Ozark,6,62,91.5,0,485621.2302,3991067.301,220.365
Ozark,6,63,93,0,485622.7387,3991067.374,220.315
Ozark,6,64,94.5,0,485624.2257,3991067.495,220.243
Ozark,6,65,96,0,485625.7289,3991067.583,220.244
Ozark,6,66,97.5,0,485627.2042,3991067.675,220.246
Ozark,6,67,99,0,485628.6965,3991067.769,220.27
Ozark,6,68,100.5,0,485630.2312,3991067.839,220.285
Ozark,6,69,102,0,485631.6893,3991067.953,220.323
Ozark,6,70,103.5,0,485633.1817,3991068.026,220.263
Ozark,6,71,105,0,485634.7002,3991068.118,220.261
Ozark,6,72,106.5,0,485636.1998,3991068.228,220.213
Ozark,6,73,108,0,485637.702,3991068.281,220.133
Ozark,6,74,109.5,0,485639.1934,3991068.368,220.194
Ozark,6,75,111,0,485640.6831,3991068.482,220.106
Ozark,6,76,112.5,0,485642.1187,3991068.582,220.054
Ozark,6,77,114,0,485643.6075,3991068.676,220.044
Ozark,6,78,115.5,0,485645.1017,3991068.757,220.038
Ozark,6,79,117,0,485646.5706,3991068.87,220.074
Ozark,6,80,118.5,0,485648.0936,3991068.964,220.026
Ozark,6,81,120,0,485649.5256,3991069.057,219.965
Ozark,6,82,121.5,0,485651.0135,3991069.159,219.947
Ozark,6,83,123,0,485652.5014,3991069.281,219.876
Ozark,6,84,124.5,0,485653.9803,3991069.383,219.818
Ozark,6,85,126,0,485655.4862,3991069.488,219.825
Ozark,6,86,127.5,0,485656.9552,3991069.617,219.737
Ozark,6,87,129,0,485658.4818,3991069.709,219.657
Ozark,6,88,130.5,0,485659.9385,3991069.814,219.651
Ozark,6,89,132,0,485661.4238,3991069.921,219.575
Ozark,6,90,133.5,0,485662.909,3991070.028,219.535
Ozark,6,91,135,0,485664.3943,3991070.135,219.603
Ozark,6,92,136.5,0,485665.8796,3991070.241,219.561
Ozark,6,93,138,0,485667.3649,3991070.348,219.57
Ozark,6,94,139.5,0,485668.8502,3991070.455,219.614
Ozark,6,95,141,0,485670.3355,3991070.562,219.432
Ozark,6,96,142.5,0,485671.8208,3991070.668,219.36
Ozark,7,1,0,0,485615.8756,3991020.962,219.521
Ozark,7,2,2,0,485615.4175,3991023.657,219.577
Ozark,7,3,4,0,485615.0916,3991024.738,219.584
Ozark,7,4,6,0,485614.6838,3991026.731,219.611
Ozark,7,5,8,0,485614.2703,3991028.824,219.627
Ozark,7,6,10,0,485613.9652,3991030.73,219.699
Ozark,7,7,12,0,485613.5823,3991032.734,219.7
Ozark,7,8,14,0,485613.2654,3991034.624,219.84
Ozark,7,9,16,0,485612.862,3991036.634,219.93
Ozark,7,10,18,0,485612.5935,3991038.564,220.031
Ozark,7,11,20,0,485612.1385,3991040.593,220.024
Ozark,7,12,22,0,485611.8115,3991042.528,220.048
Ozark,7,13,24,0,485611.4457,3991044.446,220.066
Ozark,7,14,26,0,485611.066,3991046.49,220.159
Ozark,7,15,28,0,485610.749,3991048.41,220.161
Ozark,7,16,30,0,485610.4216,3991050.299,220.171
Ozark,7,17,32,0,485610.0735,3991052.3,220.214
Ozark,7,18,34,0,485609.7365,3991054.282,220.208
Ozark,7,19,36,0,485609.3916,3991056.28,220.253
Ozark,7,20,38,0,485608.927,3991058.238,220.271
Ozark,7,21,40,0,485608.7702,3991060.24,220.435
Ozark,7,22,42,0,485608.293,3991062.27,220.413
Ozark,7,23,44,0,485607.9497,3991064.199,220.435
Ozark,7,24,46,0,485607.5962,3991066.155,220.402
Ozark,7,25,48,0,485607.2595,3991068.169,220.402
Ozark,7,26,50,0,485606.9178,3991070.157,220.318
Ozark,7,27,52,0,485606.5882,3991072.15,220.265
Ozark,7,28,54,0,485606.2046,3991074.116,220.366
Ozark,7,29,56,0,485605.8757,3991076.089,220.355
Ozark,7,30,58,0,485605.553,3991078.104,220.336
Ozark,7,31,60,0,485605.238,3991080.037,220.327
Ozark,7,32,62,0,485604.922,3991081.976,220.347
Ozark,7,33,64,0,485604.5461,3991083.982,220.374
Ozark,7,34,66,0,485604.1911,3991085.968,220.271
Ozark,7,35,68,0,485603.8847,3991087.958,220.183
Ozark,7,36,70,0,485603.5862,3991089.901,220.109
Ozark,7,37,72,0,485603.226,3991091.913,219.989
Ozark,7,38,74,0,485602.8572,3991093.803,219.965
Ozark,7,39,76,0,485602.5396,3991095.857,219.941
Ozark,7,40,78,0,485602.182,3991097.765,219.998
Ozark,7,41,80,0,485601.8165,3991099.685,219.975
Ozark,7,42,82,0,485601.4988,3991101.719,219.826
Ozark,7,43,84,0,485601.1786,3991103.675,219.859
Ozark,7,44,86,0,485600.6909,3991105.721,219.734
Ozark,7,45,88,0,485600.4844,3991107.629,219.915
Ozark,7,46,90,0,485600.1252,3991109.588,219.671
Ozark,7,47,92,0,485599.7075,3991111.628,219.69
Ozark,7,48,94,0,485599.3635,3991113.554,219.628
Ozark,8,1,0,0,485575.1102,3991008.607,219.714
Ozark,8,2,2,0,485574.7164,3991010.549,219.741
Ozark,8,3,4,0,485574.3261,3991012.516,219.713
Ozark,8,4,6,0,485573.9737,3991014.501,219.853
Ozark,8,5,8,0,485573.6224,3991016.453,220.001
Ozark,8,6,10,0,485573.2769,3991018.412,220.04
Ozark,8,7,12,0,485572.8894,3991020.363,220.124
Ozark,8,8,14,0,485572.5447,3991022.337,220.163
Ozark,8,9,16,0,485572.1589,3991024.304,220.17
Ozark,8,10,18,0,485571.7745,3991026.283,220.26
Ozark,8,11,20,0,485571.4404,3991028.228,220.283
Ozark,8,12,22,0,485571.1179,3991030.173,220.268
Ozark,8,13,24,0,485570.7367,3991032.154,220.163
Ozark,8,14,26,0,485570.4671,3991034.179,220.12
Ozark,8,15,28,0,485570.1446,3991036.128,220.145
Ozark,8,16,30,0,485569.8061,3991038.069,220.108
Ozark,8,17,32,0,485569.5109,3991040.042,220.046
Ozark,8,18,34,0,485569.173,3991042.007,220.044
Ozark,8,19,36,0,485568.862,3991043.97,220.034
Ozark,8,20,38,0,485568.5305,3991045.92,220.0595
Ozark,8,21,40,0,485568.2305,3991047.92,220.085
Ozark,8,22,42,0,485567.9305,3991049.92,220.147
Ozark,8,23,44,0,485567.5684,3991051.811,220.193
Ozark,8,24,46,0,485567.2645,3991053.806,220.266
Ozark,8,25,48,0,485566.888,3991055.759,220.369
Ozark,8,26,50,0,485566.5889,3991057.687,220.431
Ozark,8,27,52,0,485566.3294,3991059.716,220.388
Ozark,8,28,54,0,485565.9994,3991061.663,220.332
Ozark,8,29,56,0,485565.6694,3991063.632,220.326
Ozark,8,30,58,0,485565.3391,3991065.567,220.287
Ozark,8,31,60,0,485565.015,3991067.548,220.268
Ozark,8,32,62,0,485564.683,3991069.511,220.174
Ozark,8,33,64,0,485564.3765,3991071.484,220.099
Ozark,8,34,66,0,485564.0533,3991073.41,220.128
Ozark,8,35,68,0,485563.7423,3991075.369,220.082
Ozark,8,36,70,0,485563.4526,3991077.328,220.055
Ozark,8,37,72,0,485563.0789,3991079.318,220.065
Ozark,8,38,74,0,485562.8007,3991081.273,220.014
Ozark,8,39,76,0,485562.4477,3991083.236,220.043
Ozark,8,40,78,0,485562.1145,3991085.218,219.915
Ozark,8,41,80,0,485561.8035,3991087.166,219.863
Ozark,8,42,82,0,485561.4656,3991089.148,219.845
Ozark,8,43,84,0,485561.1837,3991091.111,219.731
Ozark,8,44,86,0,485560.865,3991093.093,219.798
Ozark,8,45,88,0,485560.5365,3991095.031,219.611
Ozark,8,46,90,0,485560.1985,3991097.014,219.631
Ozark,8,47,92,0,485559.8554,3991099.041,219.523
Ozark,8,48,94,0,485559.4932,3991100.857,219.585
Ozark,9,1,0,0,485650.2,3991023.7,219.647
Ozark,9,2,2,0,485651.2115,3991025.43,219.485
Ozark,9,3,4,0,485651.0578,3991027.236,219.438
Ozark,9,4,6,0,485651.2104,3991029.311,219.429
Ozark,9,5,8,0,485651.363,3991031.386,219.39
Ozark,9,6,10,0,485650.6,3991033.461,219.48
Ozark,9,7,12,0,485649.4587,3991035.405,219.442
Ozark,9,8,14,0,485649.1157,3991037.383,219.48
Ozark,9,9,16,0,485648.784,3991039.346,219.454
Ozark,9,10,18,0,485648.46,3991041.316,219.456
Ozark,9,11,20,0,485648.0997,3991043.266,219.578
Ozark,9,12,22,0,485647.7972,3991045.208,219.569
Ozark,9,13,24,0,485647.4329,3991047.163,219.645
Ozark,9,14,26,0,485647.111,3991049.145,219.656
Ozark,9,15,28,0,485646.7639,3991051.081,219.771
Ozark,9,16,30,0,485646.4042,3991053.072,219.807
Ozark,9,17,32,0,485646.043,3991055.025,219.844
Ozark,9,18,34,0,485645.7628,3991056.994,219.826
Ozark,9,19,36,0,485645.4169,3991058.919,219.829
Ozark,9,20,38,0,485645.0877,3991060.877,219.847
Ozark,9,21,40,0,485644.7743,3991062.874,219.904
Ozark,9,22,42,0,485644.4297,3991064.815,219.959
Ozark,9,23,44,0,485644.0184,3991066.716,220.068
Ozark,9,24,46,0,485643.6441,3991068.673,220.063
Ozark,9,25,48,0,485643.3838,3991070.61,220.111
Ozark,9,26,50,0,485643.1074,3991072.564,220.128
Ozark,9,27,52,0,485642.8249,3991074.503,220.1155
Ozark,9,28,54,0,485642.4424,3991076.476,220.103
Ozark,9,29,56,0,485642.1061,3991078.411,220.062
Ozark,9,30,58,0,485641.7336,3991080.378,220.067
Ozark,9,31,60,0,485641.4154,3991082.377,220.023
Ozark,9,32,62,0,485641.0553,3991084.276,219.988
Ozark,9,33,64,0,485640.7215,3991086.202,219.916
Ozark,9,34,66,0,485640.3638,3991088.196,219.941
Ozark,9,35,68,0,485639.984,3991090.127,219.9
Ozark,9,36,70,0,485639.5126,3991092.082,219.89
Ozark,9,37,72,0,485639.1278,3991094.019,219.848
Ozark,9,38,74,0,485638.7586,3991095.984,219.797
Ozark,9,39,76,0,485638.4734,3991097.956,219.761
Ozark,9,40,78,0,485638.1139,3991099.948,219.662
Ozark,9,41,80,0,485637.8504,3991101.884,219.658
Ozark,9,42,82,0,485637.503,3991103.869,219.587
Ozark,9,43,84,0,485637.2075,3991105.816,219.562
Ozark,9,44,86,0,485636.906,3991107.754,219.435
Ozark,9,45,88,0,485636.5695,3991109.743,219.373
Ozark,9,46,90,0,485636.2603,3991111.719,219.286
Ozark,9,47,92,0,485635.9954,3991113.703,219.204
Ozark,9,48,94,0,485635.6719,3991115.641,219.187
Ozark,3D_Dipole-Dipole,1,0,0,485564.3236,3991045.469,220.206
Ozark,3D_Dipole-Dipole,2,5,0,485563.4651,3991050.755,220.307
Ozark,3D_Dipole-Dipole,3,10,0,485562.6518,3991055.648,220.31
Ozark,3D_Dipole-Dipole,4,15,0,485561.8161,3991060.583,220.284
Ozark,3D_Dipole-Dipole,5,20,0,485560.9471,3991065.488,220.167
Ozark,3D_Dipole-Dipole,6,25,0,485560.0546,3991070.364,220.138
Ozark,3D_Dipole-Dipole,7,30,0,485559.2126,3991075.329,220.117
Ozark,3D_Dipole-Dipole,8,35,0,485558.2184,3991080.213,220.011
Ozark,3D_Dipole-Dipole,9,35,5,485563.1692,3991081.048,220.033
Ozark,3D_Dipole-Dipole,10,30,5,485564.033,3991076.23,220.08
Ozark,3D_Dipole-Dipole,11,25,5,485564.9136,3991071.249,220.241
Ozark,3D_Dipole-Dipole,12,20,5,485565.7736,3991066.304,220.322
Ozark,3D_Dipole-Dipole,13,15,5,485566.6067,3991061.423,220.439
Ozark,3D_Dipole-Dipole,14,10,5,485567.359,3991056.728,220.541
Ozark,3D_Dipole-Dipole,15,5,5,485568.1241,3991051.57,220.42
Ozark,3D_Dipole-Dipole,16,0,5,485569.0333,3991046.469,220.219
Ozark,3D_Dipole-Dipole,17,0,10,485573.9635,3991047.344,220.283
Ozark,3D_Dipole-Dipole,18,5,10,485573.0469,3991052.384,220.413
Ozark,3D_Dipole-Dipole,19,10,10,485573.0619,3991057.626,220.578
Ozark,3D_Dipole-Dipole,20,15,10,485571.4143,3991062.264,220.475
Ozark,3D_Dipole-Dipole,21,20,10,485570.5057,3991067.22,220.491
Ozark,3D_Dipole-Dipole,22,25,10,485569.6457,3991072.19,220.285
Ozark,3D_Dipole-Dipole,23,30,10,485568.6921,3991077.157,220.269
Ozark,3D_Dipole-Dipole,24,35,10,485567.804,3991081.962,220.203
Ozark,3D_Dipole-Dipole,25,35,15,485572.717,3991082.819,220.253
Ozark,3D_Dipole-Dipole,26,30,15,485573.6484,3991078.028,220.348
Ozark,3D_Dipole-Dipole,27,25,15,485574.5146,3991073.039,220.459
Ozark,3D_Dipole-Dipole,28,20,15,485575.3574,3991068.064,220.541
Ozark,3D_Dipole-Dipole,29,15,15,485576.2012,3991063.12,220.713
Ozark,3D_Dipole-Dipole,30,10,15,485576.8826,3991058.527,220.664
Ozark,3D_Dipole-Dipole,31,5,15,485577.8501,3991053.282,220.48
Ozark,3D_Dipole-Dipole,32,0,15,485578.6351,3991048.167,220.525
Ozark,3D_Dipole-Dipole,33,0,20,485583.6013,3991049.038,220.541
Ozark,3D_Dipole-Dipole,34,5,20,485582.7568,3991054.093,220.564
Ozark,3D_Dipole-Dipole,35,10,20,485581.8739,3991059.384,220.612
Ozark,3D_Dipole-Dipole,36,15,20,485581.1358,3991063.93,220.725
Ozark,3D_Dipole-Dipole,37,20,20,485580.2667,3991068.865,220.685
Ozark,3D_Dipole-Dipole,38,25,20,485579.3636,3991073.833,220.532
Ozark,3D_Dipole-Dipole,39,30,20,485578.4874,3991078.783,220.477
Ozark,3D_Dipole-Dipole,40,35,20,485577.5768,3991083.621,220.354
Ozark,3D_Dipole-Dipole,41,35,25,485582.5177,3991084.482,220.363
Ozark,3D_Dipole-Dipole,42,30,25,485583.4165,3991079.564,220.471
Ozark,3D_Dipole-Dipole,43,25,25,485584.3197,3991074.663,220.601
Ozark,3D_Dipole-Dipole,44,20,25,485585.1798,3991069.74,220.76
Ozark,3D_Dipole-Dipole,45,15,25,485586.0461,3991064.782,220.807
Ozark,3D_Dipole-Dipole,46,10,25,485586.7445,3991060.17,220.608
Ozark,3D_Dipole-Dipole,47,5,25,485587.6418,3991054.91,220.745
Ozark,3D_Dipole-Dipole,48,0,25,485588.4846,3991049.89,220.644
Ozark,3D_Dipole-Dipole,49,0,30,485568.3947,3991050.746,220.621
Ozark,3D_Dipole-Dipole,50,5,30,485567.5464,3991055.714,220.741
Ozark,3D_Dipole-Dipole,51,10,30,485566.6862,3991061.03,220.66
Ozark,3D_Dipole-Dipole,52,15,30,485590.9778,3991065.504,220.666
Ozark,3D_Dipole-Dipole,53,20,30,485590.0944,3991070.51,220.611
Ozark,3D_Dipole-Dipole,54,25,30,485589.2245,3991075.449,220.645
Ozark,3D_Dipole-Dipole,55,30,30,485588.3572,3991080.334,220.417
Ozark,3D_Dipole-Dipole,56,35,30,485587.4296,3991085.224,220.352
Ozark,3D_Dipole-Dipole,57,35,35,485592.3894,3991086.08,220.265
Ozark,3D_Dipole-Dipole,58,30,35,485593.2783,3991081.146,220.394
Ozark,3D_Dipole-Dipole,59,25,35,485594.1762,3991076.273,220.516
Ozark,3D_Dipole-Dipole,60,20,35,485595.1111,3991071.393,220.529
Ozark,3D_Dipole-Dipole,61,15,35,485595.9079,3991066.346,220.566
Ozark,3D_Dipole-Dipole,62,10,35,485596.5794,3991061.77,220.613
Ozark,3D_Dipole-Dipole,63,5,35,485597.5297,3991056.469,220.521
Ozark,3D_Dipole-Dipole,64,0,35,485598.3152,3991051.635,220.521
Ozark,3D_Dipole-Dipole,65,0,40,485603.2265,3991052.535,220.541
Ozark,3D_Dipole-Dipole,66,5,40,485602.4237,3991057.271,220.535
Ozark,3D_Dipole-Dipole,67,10,40,485601.5822,3991062.501,220.63
Ozark,3D_Dipole-Dipole,68,15,40,485600.8271,3991067.188,220.49
Ozark,3D_Dipole-Dipole,69,20,40,485599.9402,3991072.188,220.455
Ozark,3D_Dipole-Dipole,70,25,40,485599.0801,3991077.049,220.445
Ozark,3D_Dipole-Dipole,71,30,40,485598.1813,3991081.992,220.422
Ozark,3D_Dipole-Dipole,72,35,40,485597.2644,3991086.819,220.258
Ozark,3D_Dipole-Dipole,73,35,45,485602.1989,3991087.622,220.24
Ozark,3D_Dipole-Dipole,74,30,45,485603.1177,3991082.843,220.334
Ozark,3D_Dipole-Dipole,75,25,45,485604.0048,3991077.917,220.389
Ozark,3D_Dipole-Dipole,76,20,45,485604.8722,3991073.07,220.357
Ozark,3D_Dipole-Dipole,77,15,45,485605.7375,3991068.083,220.383
Ozark,3D_Dipole-Dipole,78,10,45,485606.5025,3991063.385,220.484
Ozark,3D_Dipole-Dipole,79,5,45,485607.3719,3991058.132,220.393
Ozark,3D_Dipole-Dipole,80,0,45,485608.1295,3991053.338,220.368
Ozark,3D_Dipole-Dipole,81,0,50,485613.0623,3991054.183,220.274
Ozark,3D_Dipole-Dipole,82,5,50,485612.2542,3991058.926,220.401
Ozark,3D_Dipole-Dipole,83,10,50,485611.4467,3991064.054,220.385
Ozark,3D_Dipole-Dipole,84,15,50,485610.6432,3991068.853,220.294
Ozark,3D_Dipole-Dipole,85,20,50,485609.7769,3991073.855,220.304
Ozark,3D_Dipole-Dipole,86,25,50,485608.8843,3991078.663,220.262
Ozark,3D_Dipole-Dipole,87,30,50,485608.0099,3991083.608,220.216
Ozark,3D_Dipole-Dipole,88,35,50,485607.1388,3991088.423,220.16
Ozark,3D_Dipole-Dipole,89,35,55,485612.0069,3991089.339,220.026
Ozark,3D_Dipole-Dipole,90,30,55,485611.999,3991084.507,220.123
Ozark,3D_Dipole-Dipole,91,25,55,485613.8199,3991079.57,220.208
Ozark,3D_Dipole-Dipole,92,20,55,485614.7124,3991074.661,220.23
Ozark,3D_Dipole-Dipole,93,15,55,485615.5805,3991069.706,220.358
Ozark,3D_Dipole-Dipole,94,10,55,485615.5725,3991064.862,220.351
Ozark,3D_Dipole-Dipole,95,5,55,485617.2159,3991059.82,220.318
Ozark,3D_Dipole-Dipole,96,0,55,485617.9264,3991054.862,220.245
Ozark,3D_Reciprocal-Schlumberger,1,0,0,485564.3236,3991045.469,220.206
Ozark,3D_Reciprocal-Schlumberger,2,5,0,485563.4651,3991050.755,220.307
Ozark,3D_Reciprocal-Schlumberger,3,10,0,485562.6518,3991055.648,220.31
Ozark,3D_Reciprocal-Schlumberger,4,15,0,485561.8161,3991060.583,220.284
Ozark,3D_Reciprocal-Schlumberger,5,20,0,485560.9471,3991065.488,220.167
Ozark,3D_Reciprocal-Schlumberger,6,25,0,485560.0546,3991070.364,220.138
Ozark,3D_Reciprocal-Schlumberger,7,30,0,485559.2126,3991075.329,220.117
Ozark,3D_Reciprocal-Schlumberger,8,35,0,485558.2184,3991080.213,220.011
Ozark,3D_Reciprocal-Schlumberger,9,35,5,485563.1692,3991081.048,220.033
Ozark,3D_Reciprocal-Schlumberger,10,30,5,485564.033,3991076.23,220.08
Ozark,3D_Reciprocal-Schlumberger,11,25,5,485564.9136,3991071.249,220.241
Ozark,3D_Reciprocal-Schlumberger,12,20,5,485565.7736,3991066.304,220.322
Ozark,3D_Reciprocal-Schlumberger,13,15,5,485566.6067,3991061.423,220.439
Ozark,3D_Reciprocal-Schlumberger,14,10,5,485567.359,3991056.728,220.541
Ozark,3D_Reciprocal-Schlumberger,15,5,5,485568.1241,3991051.57,220.42
Ozark,3D_Reciprocal-Schlumberger,16,0,5,485569.0333,3991046.469,220.219
Ozark,3D_Reciprocal-Schlumberger,17,0,10,485573.9635,3991047.344,220.283
Ozark,3D_Reciprocal-Schlumberger,18,5,10,485573.0469,3991052.384,220.413
Ozark,3D_Reciprocal-Schlumberger,19,10,10,485573.0619,3991057.626,220.578
Ozark,3D_Reciprocal-Schlumberger,20,15,10,485571.4143,3991062.264,220.475
Ozark,3D_Reciprocal-Schlumberger,21,20,10,485570.5057,3991067.22,220.491
Ozark,3D_Reciprocal-Schlumberger,22,25,10,485569.6457,3991072.19,220.285
Ozark,3D_Reciprocal-Schlumberger,23,30,10,485568.6921,3991077.157,220.269
Ozark,3D_Reciprocal-Schlumberger,24,35,10,485567.804,3991081.962,220.203
Ozark,3D_Reciprocal-Schlumberger,25,35,15,485572.717,3991082.819,220.253
Ozark,3D_Reciprocal-Schlumberger,26,30,15,485573.6484,3991078.028,220.348
Ozark,3D_Reciprocal-Schlumberger,27,25,15,485574.5146,3991073.039,220.459
Ozark,3D_Reciprocal-Schlumberger,28,20,15,485575.3574,3991068.064,220.541
Ozark,3D_Reciprocal-Schlumberger,29,15,15,485576.2012,3991063.12,220.713
Ozark,3D_Reciprocal-Schlumberger,30,10,15,485576.8826,3991058.527,220.664
Ozark,3D_Reciprocal-Schlumberger,31,5,15,485577.8501,3991053.282,220.48
Ozark,3D_Reciprocal-Schlumberger,32,0,15,485578.6351,3991048.167,220.525
Ozark,3D_Reciprocal-Schlumberger,33,0,20,485583.6013,3991049.038,220.541
Ozark,3D_Reciprocal-Schlumberger,34,5,20,485582.7568,3991054.093,220.564
Ozark,3D_Reciprocal-Schlumberger,35,10,20,485581.8739,3991059.384,220.612
Ozark,3D_Reciprocal-Schlumberger,36,15,20,485581.1358,3991063.93,220.725
Ozark,3D_Reciprocal-Schlumberger,37,20,20,485580.2667,3991068.865,220.685
Ozark,3D_Reciprocal-Schlumberger,38,25,20,485579.3636,3991073.833,220.532
Ozark,3D_Reciprocal-Schlumberger,39,30,20,485578.4874,3991078.783,220.477
Ozark,3D_Reciprocal-Schlumberger,40,35,20,485577.5768,3991083.621,220.354
Ozark,3D_Reciprocal-Schlumberger,41,35,25,485582.5177,3991084.482,220.363
Ozark,3D_Reciprocal-Schlumberger,42,30,25,485583.4165,3991079.564,220.471
Ozark,3D_Reciprocal-Schlumberger,43,25,25,485584.3197,3991074.663,220.601
Ozark,3D_Reciprocal-Schlumberger,44,20,25,485585.1798,3991069.74,220.76
Ozark,3D_Reciprocal-Schlumberger,45,15,25,485586.0461,3991064.782,220.807
Ozark,3D_Reciprocal-Schlumberger,46,10,25,485586.7445,3991060.17,220.608
Ozark,3D_Reciprocal-Schlumberger,47,5,25,485587.6418,3991054.91,220.745
Ozark,3D_Reciprocal-Schlumberger,48,0,25,485588.4846,3991049.89,220.644
Ozark,3D_Reciprocal-Schlumberger,49,0,30,485568.3947,3991050.746,220.621
Ozark,3D_Reciprocal-Schlumberger,50,5,30,485567.5464,3991055.714,220.741
Ozark,3D_Reciprocal-Schlumberger,51,10,30,485566.6862,3991061.03,220.66
Ozark,3D_Reciprocal-Schlumberger,52,15,30,485590.9778,3991065.504,220.666
Ozark,3D_Reciprocal-Schlumberger,53,20,30,485590.0944,3991070.51,220.611
Ozark,3D_Reciprocal-Schlumberger,54,25,30,485589.2245,3991075.449,220.645
Ozark,3D_Reciprocal-Schlumberger,55,30,30,485588.3572,3991080.334,220.417
Ozark,3D_Reciprocal-Schlumberger,56,35,30,485587.4296,3991085.224,220.352
Ozark,3D_Reciprocal-Schlumberger,57,35,35,485592.3894,3991086.08,220.265
Ozark,3D_Reciprocal-Schlumberger,58,30,35,485593.2783,3991081.146,220.394
Ozark,3D_Reciprocal-Schlumberger,59,25,35,485594.1762,3991076.273,220.516
Ozark,3D_Reciprocal-Schlumberger,60,20,35,485595.1111,3991071.393,220.529
Ozark,3D_Reciprocal-Schlumberger,61,15,35,485595.9079,3991066.346,220.566
Ozark,3D_Reciprocal-Schlumberger,62,10,35,485596.5794,3991061.77,220.613
Ozark,3D_Reciprocal-Schlumberger,63,5,35,485597.5297,3991056.469,220.521
Ozark,3D_Reciprocal-Schlumberger,64,0,35,485598.3152,3991051.635,220.521
Ozark,3D_Reciprocal-Schlumberger,65,0,40,485603.2265,3991052.535,220.541
Ozark,3D_Reciprocal-Schlumberger,66,5,40,485602.4237,3991057.271,220.535
Ozark,3D_Reciprocal-Schlumberger,67,10,40,485601.5822,3991062.501,220.63
Ozark,3D_Reciprocal-Schlumberger,68,15,40,485600.8271,3991067.188,220.49
Ozark,3D_Reciprocal-Schlumberger,69,20,40,485599.9402,3991072.188,220.455
Ozark,3D_Reciprocal-Schlumberger,70,25,40,485599.0801,3991077.049,220.445
Ozark,3D_Reciprocal-Schlumberger,71,30,40,485598.1813,3991081.992,220.422
Ozark,3D_Reciprocal-Schlumberger,72,35,40,485597.2644,3991086.819,220.258
Ozark,3D_Reciprocal-Schlumberger,73,35,45,485602.1989,3991087.622,220.24
Ozark,3D_Reciprocal-Schlumberger,74,30,45,485603.1177,3991082.843,220.334
Ozark,3D_Reciprocal-Schlumberger,75,25,45,485604.0048,3991077.917,220.389
Ozark,3D_Reciprocal-Schlumberger,76,20,45,485604.8722,3991073.07,220.357
Ozark,3D_Reciprocal-Schlumberger,77,15,45,485605.7375,3991068.083,220.383
Ozark,3D_Reciprocal-Schlumberger,78,10,45,485606.5025,3991063.385,220.484
Ozark,3D_Reciprocal-Schlumberger,79,5,45,485607.3719,3991058.132,220.393
Ozark,3D_Reciprocal-Schlumberger,80,0,45,485608.1295,3991053.338,220.368
Ozark,3D_Reciprocal-Schlumberger,81,0,50,485613.0623,3991054.183,220.274
Ozark,3D_Reciprocal-Schlumberger,82,5,50,485612.2542,3991058.926,220.401
Ozark,3D_Reciprocal-Schlumberger,83,10,50,485611.4467,3991064.054,220.385
Ozark,3D_Reciprocal-Schlumberger,84,15,50,485610.6432,3991068.853,220.294
Ozark,3D_Reciprocal-Schlumberger,85,20,50,485609.7769,3991073.855,220.304
Ozark,3D_Reciprocal-Schlumberger,86,25,50,485608.8843,3991078.663,220.262
Ozark,3D_Reciprocal-Schlumberger,87,30,50,485608.0099,3991083.608,220.216
Ozark,3D_Reciprocal-Schlumberger,88,35,50,485607.1388,3991088.423,220.16
Ozark,3D_Reciprocal-Schlumberger,89,35,55,485612.0069,3991089.339,220.026
Ozark,3D_Reciprocal-Schlumberger,90,30,55,485611.999,3991084.507,220.123
Ozark,3D_Reciprocal-Schlumberger,91,25,55,485613.8199,3991079.57,220.208
Ozark,3D_Reciprocal-Schlumberger,92,20,55,485614.7124,3991074.661,220.23
Ozark,3D_Reciprocal-Schlumberger,93,15,55,485615.5805,3991069.706,220.358
Ozark,3D_Reciprocal-Schlumberger,94,10,55,485615.5725,3991064.862,220.351
Ozark,3D_Reciprocal-Schlumberger,95,5,55,485617.2159,3991059.82,220.318
Ozark,3D_Reciprocal-Schlumberger,96,0,55,485617.9264,3991054.862,220.245
Ozark,3D_Wenner-Schlumberger,1,0,0,485564.3236,3991045.469,220.206
Ozark,3D_Wenner-Schlumberger,2,5,0,485563.4651,3991050.755,220.307
Ozark,3D_Wenner-Schlumberger,3,10,0,485562.6518,3991055.648,220.31
Ozark,3D_Wenner-Schlumberger,4,15,0,485561.8161,3991060.583,220.284
Ozark,3D_Wenner-Schlumberger,5,20,0,485560.9471,3991065.488,220.167
Ozark,3D_Wenner-Schlumberger,6,25,0,485560.0546,3991070.364,220.138
Ozark,3D_Wenner-Schlumberger,7,30,0,485559.2126,3991075.329,220.117
Ozark,3D_Wenner-Schlumberger,8,35,0,485558.2184,3991080.213,220.011
Ozark,3D_Wenner-Schlumberger,9,35,5,485563.1692,3991081.048,220.033
Ozark,3D_Wenner-Schlumberger,10,30,5,485564.033,3991076.23,220.08
Ozark,3D_Wenner-Schlumberger,11,25,5,485564.9136,3991071.249,220.241
Ozark,3D_Wenner-Schlumberger,12,20,5,485565.7736,3991066.304,220.322
Ozark,3D_Wenner-Schlumberger,13,15,5,485566.6067,3991061.423,220.439
Ozark,3D_Wenner-Schlumberger,14,10,5,485567.359,3991056.728,220.541
Ozark,3D_Wenner-Schlumberger,15,5,5,485568.1241,3991051.57,220.42
Ozark,3D_Wenner-Schlumberger,16,0,5,485569.0333,3991046.469,220.219
Ozark,3D_Wenner-Schlumberger,17,0,10,485573.9635,3991047.344,220.283
Ozark,3D_Wenner-Schlumberger,18,5,10,485573.0469,3991052.384,220.413
Ozark,3D_Wenner-Schlumberger,19,10,10,485573.0619,3991057.626,220.578
Ozark,3D_Wenner-Schlumberger,20,15,10,485571.4143,3991062.264,220.475
Ozark,3D_Wenner-Schlumberger,21,20,10,485570.5057,3991067.22,220.491
Ozark,3D_Wenner-Schlumberger,22,25,10,485569.6457,3991072.19,220.285
Ozark,3D_Wenner-Schlumberger,23,30,10,485568.6921,3991077.157,220.269
Ozark,3D_Wenner-Schlumberger,24,35,10,485567.804,3991081.962,220.203
Ozark,3D_Wenner-Schlumberger,25,35,15,485572.717,3991082.819,220.253
Ozark,3D_Wenner-Schlumberger,26,30,15,485573.6484,3991078.028,220.348
Ozark,3D_Wenner-Schlumberger,27,25,15,485574.5146,3991073.039,220.459
Ozark,3D_Wenner-Schlumberger,28,20,15,485575.3574,3991068.064,220.541
Ozark,3D_Wenner-Schlumberger,29,15,15,485576.2012,3991063.12,220.713
Ozark,3D_Wenner-Schlumberger,30,10,15,485576.8826,3991058.527,220.664
Ozark,3D_Wenner-Schlumberger,31,5,15,485577.8501,3991053.282,220.48
Ozark,3D_Wenner-Schlumberger,32,0,15,485578.6351,3991048.167,220.525
Ozark,3D_Wenner-Schlumberger,33,0,20,485583.6013,3991049.038,220.541
Ozark,3D_Wenner-Schlumberger,34,5,20,485582.7568,3991054.093,220.564
Ozark,3D_Wenner-Schlumberger,35,10,20,485581.8739,3991059.384,220.612
Ozark,3D_Wenner-Schlumberger,36,15,20,485581.1358,3991063.93,220.725
Ozark,3D_Wenner-Schlumberger,37,20,20,485580.2667,3991068.865,220.685
Ozark,3D_Wenner-Schlumberger,38,25,20,485579.3636,3991073.833,220.532
Ozark,3D_Wenner-Schlumberger,39,30,20,485578.4874,3991078.783,220.477
Ozark,3D_Wenner-Schlumberger,40,35,20,485577.5768,3991083.621,220.354
Ozark,3D_Wenner-Schlumberger,41,35,25,485582.5177,3991084.482,220.363
Ozark,3D_Wenner-Schlumberger,42,30,25,485583.4165,3991079.564,220.471
Ozark,3D_Wenner-Schlumberger,43,25,25,485584.3197,3991074.663,220.601
Ozark,3D_Wenner-Schlumberger,44,20,25,485585.1798,3991069.74,220.76
Ozark,3D_Wenner-Schlumberger,45,15,25,485586.0461,3991064.782,220.807
Ozark,3D_Wenner-Schlumberger,46,10,25,485586.7445,3991060.17,220.608
Ozark,3D_Wenner-Schlumberger,47,5,25,485587.6418,3991054.91,220.745
Ozark,3D_Wenner-Schlumberger,48,0,25,485588.4846,3991049.89,220.644
Ozark,3D_Wenner-Schlumberger,49,0,30,485568.3947,3991050.746,220.621
Ozark,3D_Wenner-Schlumberger,50,5,30,485567.5464,3991055.714,220.741
Ozark,3D_Wenner-Schlumberger,51,10,30,485566.6862,3991061.03,220.66
Ozark,3D_Wenner-Schlumberger,52,15,30,485590.9778,3991065.504,220.666
Ozark,3D_Wenner-Schlumberger,53,20,30,485590.0944,3991070.51,220.611
Ozark,3D_Wenner-Schlumberger,54,25,30,485589.2245,3991075.449,220.645
Ozark,3D_Wenner-Schlumberger,55,30,30,485588.3572,3991080.334,220.417
Ozark,3D_Wenner-Schlumberger,56,35,30,485587.4296,3991085.224,220.352
Ozark,3D_Wenner-Schlumberger,57,35,35,485592.3894,3991086.08,220.265
Ozark,3D_Wenner-Schlumberger,58,30,35,485593.2783,3991081.146,220.394
Ozark,3D_Wenner-Schlumberger,59,25,35,485594.1762,3991076.273,220.516
Ozark,3D_Wenner-Schlumberger,60,20,35,485595.1111,3991071.393,220.529
Ozark,3D_Wenner-Schlumberger,61,15,35,485595.9079,3991066.346,220.566
Ozark,3D_Wenner-Schlumberger,62,10,35,485596.5794,3991061.77,220.613
Ozark,3D_Wenner-Schlumberger,63,5,35,485597.5297,3991056.469,220.521
Ozark,3D_Wenner-Schlumberger,64,0,35,485598.3152,3991051.635,220.521
Ozark,3D_Wenner-Schlumberger,65,0,40,485603.2265,3991052.535,220.541
Ozark,3D_Wenner-Schlumberger,66,5,40,485602.4237,3991057.271,220.535
Ozark,3D_Wenner-Schlumberger,67,10,40,485601.5822,3991062.501,220.63
Ozark,3D_Wenner-Schlumberger,68,15,40,485600.8271,3991067.188,220.49
Ozark,3D_Wenner-Schlumberger,69,20,40,485599.9402,3991072.188,220.455
Ozark,3D_Wenner-Schlumberger,70,25,40,485599.0801,3991077.049,220.445
Ozark,3D_Wenner-Schlumberger,71,30,40,485598.1813,3991081.992,220.422
Ozark,3D_Wenner-Schlumberger,72,35,40,485597.2644,3991086.819,220.258
Ozark,3D_Wenner-Schlumberger,73,35,45,485602.1989,3991087.622,220.24
Ozark,3D_Wenner-Schlumberger,74,30,45,485603.1177,3991082.843,220.334
Ozark,3D_Wenner-Schlumberger,75,25,45,485604.0048,3991077.917,220.389
Ozark,3D_Wenner-Schlumberger,76,20,45,485604.8722,3991073.07,220.357
Ozark,3D_Wenner-Schlumberger,77,15,45,485605.7375,3991068.083,220.383
Ozark,3D_Wenner-Schlumberger,78,10,45,485606.5025,3991063.385,220.484
Ozark,3D_Wenner-Schlumberger,79,5,45,485607.3719,3991058.132,220.393
Ozark,3D_Wenner-Schlumberger,80,0,45,485608.1295,3991053.338,220.368
Ozark,3D_Wenner-Schlumberger,81,0,50,485613.0623,3991054.183,220.274
Ozark,3D_Wenner-Schlumberger,82,5,50,485612.2542,3991058.926,220.401
Ozark,3D_Wenner-Schlumberger,83,10,50,485611.4467,3991064.054,220.385
Ozark,3D_Wenner-Schlumberger,84,15,50,485610.6432,3991068.853,220.294
Ozark,3D_Wenner-Schlumberger,85,20,50,485609.7769,3991073.855,220.304
Ozark,3D_Wenner-Schlumberger,86,25,50,485608.8843,3991078.663,220.262
Ozark,3D_Wenner-Schlumberger,87,30,50,485608.0099,3991083.608,220.216
Ozark,3D_Wenner-Schlumberger,88,35,50,485607.1388,3991088.423,220.16
Ozark,3D_Wenner-Schlumberger,89,35,55,485612.0069,3991089.339,220.026
Ozark,3D_Wenner-Schlumberger,90,30,55,485611.999,3991084.507,220.123
Ozark,3D_Wenner-Schlumberger,91,25,55,485613.8199,3991079.57,220.208
Ozark,3D_Wenner-Schlumberger,92,20,55,485614.7124,3991074.661,220.23
Ozark,3D_Wenner-Schlumberger,93,15,55,485615.5805,3991069.706,220.358
Ozark,3D_Wenner-Schlumberger,94,10,55,485615.5725,3991064.862,220.351
Ozark,3D_Wenner-Schlumberger,95,5,55,485617.2159,3991059.82,220.318
Ozark,3D_Wenner-Schlumberger,96,0,55,485617.9264,3991054.862,220.245
Ozark,Northern Tank Cover,-,-,-,485576.7155,3991023.259,220.529
Ozark,Southern Tank Cover,-,-,-,485572.8479,3991021.448,220.475
Ozark,River Level Upstream,-,-,-,485529.6131,3991140.605,212.286
Ozark,River Level Midstream,-,-,-,485621.5782,3991209.146,211.88
Ozark,River Level Downstream,-,-,-,485676.8521,3991201.246,211.826
